USE JigitalclouN

INSERT INTO TrRental VALUES('JCN-R0116','JCN-C5111','JCN-S4112','2020-11-11',6)

INSERT INTO TrRentalDetail VALUES('JCN-R0116','JCN-V3102')
INSERT INTO TrRentalDetail VALUES('JCN-R0116','JCN-V3103')
INSERT INTO TrRentalDetail VALUES('JCN-R0116','JCN-V3104')
INSERT INTO TrRentalDetail VALUES('JCN-R0116','JCN-V3105')


INSERT INTO TrRental VALUES('JCN-R0117','JCN-C3103','JCN-S7112','2022-11-01',7)

INSERT INTO TrRentalDetail VALUES('JCN-R0117','JCN-V3107')
INSERT INTO TrRentalDetail VALUES('JCN-R0117','JCN-V3108')
INSERT INTO TrRentalDetail VALUES('JCN-R0117','JCN-V3109')
INSERT INTO TrRentalDetail VALUES('JCN-R0117','JCN-V3110')

INSERT INTO TrRental VALUES('JCN-R0118','JCN-C3201','JCN-S5112','2022-12-19',8)

INSERT INTO TrRentalDetail VALUES('JCN-R0118','JCN-V3107')
INSERT INTO TrRentalDetail VALUES('JCN-R0118','JCN-V3108')
INSERT INTO TrRentalDetail VALUES('JCN-R0118','JCN-V3109')
INSERT INTO TrRentalDetail VALUES('JCN-R0118','JCN-V3110')


INSERT INTO TrRental VALUES('JCN-R0119','JCN-C7201','JCN-S6112','2023-01-12',9)

INSERT INTO TrRentalDetail VALUES('JCN-R0119','JCN-V3107')
INSERT INTO TrRentalDetail VALUES('JCN-R0119','JCN-V3108')
INSERT INTO TrRentalDetail VALUES('JCN-R0119','JCN-V3109')
INSERT INTO TrRentalDetail VALUES('JCN-R0119','JCN-V3110')

INSERT INTO TrRental VALUES('JCN-R0120','JCN-C6111','JCN-S7112','2023-01-26',10)

INSERT INTO TrRentalDetail VALUES('JCN-R0120','JCN-V3107')
INSERT INTO TrRentalDetail VALUES('JCN-R0120','JCN-V3108')
INSERT INTO TrRentalDetail VALUES('JCN-R0120','JCN-V3109')
INSERT INTO TrRentalDetail VALUES('JCN-R0120','JCN-V3110')




INSERT INTO TrSales VALUES('JCN-S0116','JCN-C5111','JCN-S4112','2020-11-11')

INSERT INTO TrSalesDetail VALUES('JCN-S0116','JCN-V3102')
INSERT INTO TrSalesDetail VALUES('JCN-S0116','JCN-V3103')
INSERT INTO TrSalesDetail VALUES('JCN-S0116','JCN-V3104')
INSERT INTO TrSalesDetail VALUES('JCN-S0116','JCN-V3105')


INSERT INTO TrSales VALUES('JCN-S0117','JCN-C3103','JCN-S7112','2022-11-01')

INSERT INTO TrSalesDetail VALUES('JCN-S0117','JCN-V3107')
INSERT INTO TrSalesDetail VALUES('JCN-S0117','JCN-V3108')
INSERT INTO TrSalesDetail VALUES('JCN-S0117','JCN-V3109')
INSERT INTO TrSalesDetail VALUES('JCN-S0117','JCN-V3110')

INSERT INTO TrSales VALUES('JCN-S0118','JCN-C3201','JCN-S5112','2022-12-19')

INSERT INTO TrSalesDetail VALUES('JCN-S0118','JCN-V3101')
INSERT INTO TrSalesDetail VALUES('JCN-S0118','JCN-V3102')
INSERT INTO TrSalesDetail VALUES('JCN-S0118','JCN-V3103')
INSERT INTO TrSalesDetail VALUES('JCN-S0118','JCN-V3104')


INSERT INTO TrSales VALUES('JCN-S0119','JCN-C7201','JCN-S6112','2023-01-12')

INSERT INTO TrSalesDetail VALUES('JCN-S0119','JCN-V3105')
INSERT INTO TrSalesDetail VALUES('JCN-S0119','JCN-V3106')
INSERT INTO TrSalesDetail VALUES('JCN-S0119','JCN-V3107')
INSERT INTO TrSalesDetail VALUES('JCN-S0119','JCN-V3108')

INSERT INTO TrSales VALUES('JCN-S0120','JCN-C6111','JCN-S7112','2023-01-26')

INSERT INTO TrSalesDetail VALUES('JCN-S0120','JCN-V3109')
INSERT INTO TrSalesDetail VALUES('JCN-S0120','JCN-V3110')
INSERT INTO TrSalesDetail VALUES('JCN-S0120','JCN-V3101')
INSERT INTO TrSalesDetail VALUES('JCN-S0120','JCN-V3102')
